multiclass_logloss,class4_accuracy,binary_logloss,class2_accuracy,perplexity,model
0.7898848328804651,0.6622222222222223,0.3442006316893897,0.8533333333333334,1.4108616706742998,RandomForest
