{
    "bin_logloss_oof_calibrated": 0.33436741853385393,
    "bin_accuracy_oof_calibrated": 0.8711111111111111
}